"","Q4.1","Q4.2","Q4.3","Q4.4","Q4.5","Q4","Q7.1","Q7.2","Q7.3","Q7.4","Q7.5","Q7.6","Q8","Q9","Q10.1","Q10.2","Q10.3","Q10.4","Q10","Q12","Q13","Q14","Q15.1","Q15.2","Q15.3","Q15.4","Q15.5","Q15.6","Q15.7","Q15","Q16","Q17","Q18","Q20","Q21","Q22","Q23","Q24.1","Q24.2","Q24.3","Q24.4","Q24.5","Q24.6","Q24","Q25.1","Q25.2","Q25.3","Q25.4","Q25.5","Q25.6","Q25.7","Q25.8","Q25","Q26","Q27.1","Q27.2","Q27.3","Q27.4","Q27.5","Q27.6","Q27","Q28","Q29","Q30","Q31.1","Q31.2","Q31.3","Q31.4","Q31.5","Q31","Q32","Q33","Q34.1","Q34.2","Q34.3","Q34.4","Q34","Q35.1","Q35.2","Q35.3","Q35.4","Q35.5","Q35.6","Q35.7","Q35","Q41.1","Q41.2","Q41.3","Q41.4","Q41.5","Q41","Q42.1","Q42.2","Q42.3","Q42.4","Q42.5","Q42","Q43.1","Q43.2","Q43.3","Q43.4","Q43.5","Q43.6","Q43","Q44","Q45","Q46","Q47","Q48","Q37","Q39","Q36","Q40","knowledge.total"
"Q4.1",0,4.8336251144098e-28,1,1,1,8.93160993742771e-34,1,1,1,1,1,1,1,1,1,1,1,1,1,1,1,1,1,1,1,1,1,0.0149025643494879,1,1,1,1,1,1,1,1,1,1,1,1,1,1,1,1,1,1,1,1,1,1,1,1,1,1,1,1,1,1,1,1,1,1,1,1,1,1,1,1,1,1,1,1,1,1,1,1,1,1,1,1,1,1,1,1,1,1,1,1,1,1,1,1,1,1,1,1,1,1,1,1,1,1,1,1,1,1,1,1,1,1,1,1,1,1
"Q4.2",4.8336251144098e-28,0,1,1,1,2.18646676757782e-51,1,1,1,1,1,1,1,1,1,1,1,1,1,0.236259790761182,1,1,1,1,1,1,1,0.0888761347632366,1,1,1,1,1,1,1,1,1,1,1,1,1,1,1,1,1,1,1,1,1,1,1,1,1,1,1,1,1,1,1,1,1,1,1,1,1,1,1,1,1,1,1,1,1,1,1,1,1,1,1,1,1,1,1,1,1,1,1,1,1,1,1,1,1,1,1,1,1,1,1,1,1,1,1,1,1,1,1,1,1,1,1,1,1,1
"Q4.3",1,1,0,1,4.48086479102703e-12,4.76309578500581e-22,1,1,1,1,1,1,1,1,1,1,1,1,1,1,1,1,0.504887584242435,0.278156447530873,0.00404114243727413,1,1,1,0.512193810622665,0.0520666149012711,1,1,1,1,1,1,1,1,1,1,1,1,1,1,1,1,1,1,1,1,1,1,1,1,1,1,1,1,1,1,1,1,1,1,1,1,1,1,1,1,1,1,1,1,1,1,1,1,1,1,1,1,1,1,1,1,1,1,1,1,1,1,1,1,1,1,1,1,1,1,1,1,1,1,1,1,1,1,1,1,1,1,1,1
"Q4.4",1,1,1,0,7.58698028881156e-19,2.44418813276813e-05,1,1,1,1,1,1,1,1,1,1,1,1,1,1,1,1,1,1,1,1,1,1,1,1,1,1,1,1,1,1,1,1,1,1,1,1,1,1,1,1,1,1,1,1,1,1,1,1,1,1,1,1,1,1,1,1,1,1,1,1,1,1,1,1,1,1,1,1,1,1,1,1,1,1,1,1,1,1,1,1,1,1,1,1,1,1,1,1,1,1,1,1,1,1,1,1,1,1,1,1,1,1,1,1,1,1,1,1
"Q4.5",1,1,4.48086479102703e-12,7.58698028881156e-19,0,3.68441675072074e-14,1,1,1,1,1,1,1,1,1,1,1,1,1,1,1,1,0.00273345381727989,0.752798217754254,0.394584967450945,1,1,1,0.000290071321215363,0.00621173513177378,1,1,1,1,1,1,1,1,1,1,1,1,1,1,1,1,1,1,1,1,1,1,1,1,1,1,1,1,1,1,1,1,1,1,1,1,1,1,1,1,1,1,1,1,1,1,1,1,1,1,1,1,1,1,1,1,1,1,1,1,1,1,1,1,1,1,1,1,1,1,1,1,1,1,1,1,1,1,1,1,1,1,1,1
"Q4",8.93160993742771e-34,2.18646676757782e-51,4.76309578500581e-22,2.44418813276813e-05,3.68441675072074e-14,0,1,1,1,1,1,1,1,1,1,1,1,1,1,1,1,1,1,1,0.0108979432016834,0.499496350672586,1,1,0.0346669437105538,0.000213451106137628,1,1,1,1,1,1,1,1,1,1,1,1,1,1,1,1,1,1,1,1,1,1,1,1,1,1,1,1,1,1,1,1,1,1,1,1,1,1,1,1,1,1,1,1,1,1,1,1,1,1,1,1,1,1,1,1,1,1,1,1,1,1,1,1,1,1,1,1,1,1,1,1,1,1,1,1,1,1,1,1,1,1,1,0.0978429686404787
"Q7.1",1,1,1,1,1,1,0,1,1,1,1,1,1,1,1,1,1,1,1,1,1,1,1,1,1,1,1,1,1,1,1,1,1,1,1,1,1,1,1,1,1,1,1,1,1,1,1,1,1,1,1,1,1,1,1,1,1,1,1,1,1,1,1,1,1,1,1,1,1,1,1,1,1,1,1,1,1,1,1,1,1,1,1,1,1,1,1,1,1,1,1,1,1,1,1,1,1,1,1,1,1,1,1,1,1,1,1,1,1,1,1,1,1,1
"Q7.2",1,1,1,1,1,1,1,0,1.57220599621695e-29,1.31463569234494e-26,8.7140586245989e-17,2.21245063838516e-27,1,1,1,1,1,1,1,1,1,1,1,1,1,1,1,1,1,1,1,1,1,1,1,1,1,1,1,1,1,1,1,1,1,1,1,1,1,1,1,1,1,1,1,1,1,1,1,1,1,1,1,1,1,1,1,1,1,1,1,1,1,1,1,1,1,1,1,1,1,1,1,1,1,1,1,1,1,1,1,1,1,1,1,1,1,1,1,1,1,1,1,1,1,1,1,1,1,1,1,1,1,1
"Q7.3",1,1,1,1,1,1,1,1.57220599621695e-29,0,2.095514783157e-56,2.24705268857908e-41,1.54295474868439e-111,1,1,1,1,1,1,1,1,1,1,1,1,1,1,1,1,1,1,1,1,1,1,1,1,1,1,1,1,1,1,1,1,1,1,1,1,1,1,1,1,1,1,1,1,1,1,1,1,1,1,1,1,1,1,1,1,1,1,1,1,1,1,1,1,1,1,1,1,1,1,1,1,1,1,1,1,1,1,1,1,1,1,1,1,1,1,1,1,1,1,1,1,1,1,1,1,1,1,1,1,1,1
"Q7.4",1,1,1,1,1,1,1,1.31463569234494e-26,2.095514783157e-56,0,1.14177518940549e-45,5.49439789741028e-59,1,1,1,1,1,1,1,1,1,1,1,1,1,1,1,1,1,1,1,1,1,1,1,1,1,1,1,1,1,1,1,1,1,1,1,1,1,1,1,1,1,1,1,1,1,1,1,1,1,1,1,1,1,1,1,1,1,1,1,1,1,1,1,1,1,1,1,1,1,1,1,1,1,1,1,1,1,1,1,1,1,1,1,1,1,1,1,1,1,1,1,1,1,1,1,1,1,1,1,1,1,1
"Q7.5",1,1,1,1,1,1,1,8.7140586245989e-17,2.24705268857908e-41,1.14177518940549e-45,0,3.63743044702255e-50,1,1,1,1,1,1,1,1,1,1,1,1,1,1,1,1,1,1,1,1,1,1,1,1,1,1,1,1,1,1,1,1,1,1,1,1,1,1,1,1,1,1,1,1,1,1,1,1,1,1,1,1,1,1,1,1,1,1,1,1,1,1,1,1,1,1,1,1,1,1,1,1,1,1,1,1,1,1,1,1,1,1,1,1,1,1,1,1,1,1,1,1,1,1,1,1,1,1,1,1,1,1
"Q7.6",1,1,1,1,1,1,1,2.21245063838516e-27,1.54295474868439e-111,5.49439789741028e-59,3.63743044702255e-50,0,1,1,1,1,1,1,1,1,1,1,1,1,1,1,1,1,1,1,1,1,1,1,1,1,1,1,1,1,1,1,1,1,1,1,1,1,1,1,1,1,1,1,1,1,1,1,1,1,1,1,1,1,1,1,1,1,1,1,1,1,1,1,1,1,1,1,1,1,1,1,1,1,1,1,1,1,1,1,1,1,1,1,1,1,1,1,1,1,1,1,1,1,1,1,1,1,1,1,1,1,1,1
"Q8",1,1,1,1,1,1,1,1,1,1,1,1,0,1.98310157935445e-11,0.164380508732517,0.122289408439598,1,1,1,1,0.745989066811326,1,1,0.745684778739262,1,0.00702499815807285,0.000478094580051913,1,1,0.00103624494479548,9.1065896517763e-05,1.46348572854314e-05,2.95829311959616e-05,2.99362371818679e-05,3.95657191845917e-05,1,2.55139991603889e-05,1,1,1,1,1,1,1,1,1,1,1,1,1,1,1,1,1,1,1,1,1,1,1,1,1,1,1,1,1,1,1,1,1,1,0.45575294357459,1,1,1,1,1,1,1,1,1,1,1,1,1,1,1,1,1,1,1,1,1,1,1,1,1,1,1,1,1,1,1,1,1,1,1,0.0194889350123906,0.00494775640682196,0.8334697869773,1,1,1,0.123020425679317
"Q9",1,1,1,1,1,1,1,1,1,1,1,1,1.98310157935445e-11,0,1,1,1,1,1,1,1,1,1,1,1,1,1,1,1,1,1,1,1,1,1,1,1,1,1,1,1,1,1,1,1,1,1,1,1,1,1,1,1,1,1,1,1,1,1,1,1,1,1,1,1,1,1,1,1,1,1,1,1,1,1,1,1,1,1,1,1,1,1,1,1,1,1,1,1,1,1,1,1,1,1,1,1,1,1,1,1,1,1,1,1,1,1,1,1,1,1,1,1,1
"Q10.1",1,1,1,1,1,1,1,1,1,1,1,1,0.164380508732517,1,0,9.13291695821098e-152,1.79912445210743e-12,1,1.39590540607272e-179,1,1,1,1,1,1,1,1,1,1,1,1,1,1,1,1,1,1,1,1,1,1,1,1,1,1,1,1,1,1,1,1,1,1,1,1,1,1,1,1,1,1,1,1,1,1,1,1,1,1,1,1,1,1,1,1,1,1,1,1,1,1,1,1,1,1,1,1,1,1,1,1,1,1,1,1,1,1,1,1,1,1,1,1,1,1,1,1,1,1,1,1,1,1,1
"Q10.2",1,1,1,1,1,1,1,1,1,1,1,1,0.122289408439598,1,9.13291695821098e-152,0,0.000759124967730195,0.517622335560553,2.83774243380476e-102,1,1,1,1,1,1,1,1,1,1,1,1,1,1,1,1,1,1,1,1,1,1,1,1,1,1,1,1,1,1,1,1,1,1,1,1,1,1,1,1,1,1,1,1,1,1,1,1,1,1,1,1,1,1,1,1,1,1,1,1,1,1,1,1,1,1,1,1,1,1,1,1,1,1,1,1,1,1,1,1,1,1,1,1,1,1,1,1,1,1,1,1,1,1,1
"Q10.3",1,1,1,1,1,1,1,1,1,1,1,1,1,1,1.79912445210743e-12,0.000759124967730195,0,1,1,1,1,1,1,1,1,1,1,1,1,1,1,1,1,1,1,1,1,1,1,1,1,1,1,1,1,1,1,1,1,1,1,1,1,1,1,1,1,1,1,1,1,1,1,1,1,1,1,1,1,1,1,1,1,1,1,1,1,1,1,1,1,1,1,1,1,1,1,1,1,1,1,1,1,1,1,1,1,1,1,1,1,1,1,1,1,1,1,1,1,1,1,1,1,1
"Q10.4",1,1,1,1,1,1,1,1,1,1,1,1,1,1,1,0.517622335560553,1,0,1,1,1,1,1,1,1,1,1,1,1,1,1,1,1,1,1,1,1,1,1,1,1,1,1,1,1,1,1,1,1,1,1,1,1,1,1,1,1,1,1,1,1,1,1,1,1,1,1,1,1,1,1,1,1,1,1,1,1,1,1,1,1,1,1,1,1,1,1,1,1,1,1,1,1,1,1,1,1,1,1,1,1,1,1,1,1,1,1,1,1,1,1,1,1,1
"Q10",1,1,1,1,1,1,1,1,1,1,1,1,1,1,1.39590540607272e-179,2.83774243380476e-102,1,1,0,1,1,1,1,1,1,1,1,1,1,1,1,1,1,1,1,1,1,1,1,1,1,1,1,1,1,1,1,1,1,1,1,1,1,1,1,1,1,1,1,1,1,1,1,1,1,1,1,1,1,1,1,1,1,1,1,1,1,1,1,1,1,1,1,1,1,1,1,1,1,1,1,1,1,1,1,1,1,1,1,1,1,1,1,1,1,1,1,1,1,1,1,1,1,1
"Q12",1,0.236259790761182,1,1,1,1,1,1,1,1,1,1,1,1,1,1,1,1,1,0,2.43223998595451e-146,1,1,1,1,1,1,1,1,1,1,1,1,1,1,1,1,1,1,1,1,1,1,1,1,1,1,1,1,1,1,1,1,1,1,1,1,1,0.362820190375855,1,1,1,1,1,1,1,1,1,1,1,1,1,1,1,1,1,1,1,1,1,1,1,1,1,1,1,1,1,1,1,1,1,1,1,1,1,1,1,1,1,1,1,1,1,1,1,0.614204853177516,0.0690444351250704,1,1,1,1,1,1
"Q13",1,1,1,1,1,1,1,1,1,1,1,1,0.745989066811326,1,1,1,1,1,1,2.43223998595451e-146,0,1,1,1,1,1,1,1,1,1,1,1,1,1,1,1,1,1,1,1,1,1,1,1,1,1,1,1,1,1,1,1,1,1,1,1,1,1,0.400466500153401,1,1,1,1,1,1,1,1,1,1,1,1,1,1,1,1,1,1,1,1,1,1,1,1,1,1,1,1,1,1,1,1,1,1,1,1,1,1,1,1,1,1,0.160305388215093,1,0.49825721175891,1,1,0.180484105573113,0.0639071459689675,1,1,1,1,1,1
"Q14",1,1,1,1,1,1,1,1,1,1,1,1,1,1,1,1,1,1,1,1,1,0,1.1458629602403e-28,1.02543373655002e-41,3.56408599974168e-32,1.01289491939736e-10,1.15933718031439e-15,1,2.39930095016433e-26,1.58873122616402e-44,1.20167784314217e-16,1.71670766277191e-15,2.90931242861482e-16,2.31775921852758e-16,1.03282852441e-16,1,3.24556860274161e-16,1,1,1,1,1,1,1,1,1,1,1,1,1,1,1,1,1,1,1,1,1,1,1,1,1,1,1,1,1,1,1,1,1,1,1,1,1,1,1,1,1,1,1,1,1,1,1,1,1,1,1,1,1,1,1,1,1,1,1,1,1,1,1,1,1,1,1,1,1,1,1,1,1,1,1,1,1
"Q15.1",1,1,0.504887584242435,1,0.00273345381727989,1,1,1,1,1,1,1,1,1,1,1,1,1,1,1,1,1.1458629602403e-28,0,1.6927773592198e-87,3.85209229589091e-46,1.00292554436212e-07,2.94911698081209e-08,1,1.02282736803332e-213,1.63518754904844e-102,7.20675783331069e-09,1.00965863765134e-08,9.85943421004193e-09,7.22704128305333e-09,9.25466861712998e-09,1,1.47128871817941e-08,1,1,1,1,1,1,1,1,1,1,1,1,1,1,1,1,1,1,1,1,1,1,1,1,1,1,1,1,1,1,1,1,1,1,1,1,1,1,1,1,1,1,1,1,1,1,1,1,1,1,1,1,1,1,1,1,1,1,1,1,1,1,1,1,1,1,1,1,1,1,1,1,1,1,1,1,1
"Q15.2",1,1,0.278156447530873,1,0.752798217754254,1,1,1,1,1,1,1,0.745684778739262,1,1,1,1,1,1,1,1,1.02543373655002e-41,1.6927773592198e-87,0,3.04022785587786e-60,5.65519927986462e-14,3.88072260612735e-15,1,4.62312005571423e-85,1.45441517271194e-107,4.30267682219101e-16,6.51200829151883e-16,6.16484429233169e-16,3.92986708445457e-16,5.83113232008077e-16,1,1.04427171544788e-15,1,1,1,1,1,1,1,1,1,1,1,1,1,1,1,1,1,1,1,1,1,1,1,1,1,1,1,1,1,1,1,1,1,1,1,1,1,1,1,1,1,1,1,1,1,1,1,1,1,1,1,1,1,1,1,1,1,1,1,1,1,1,1,1,1,1,1,1,1,1,1,1,1,1,1,1,1
"Q15.3",1,1,0.00404114243727413,1,0.394584967450945,0.0108979432016834,1,1,1,1,1,1,1,1,1,1,1,1,1,1,1,3.56408599974168e-32,3.85209229589091e-46,3.04022785587786e-60,0,1.64022677086614e-21,4.46311590104079e-22,1,4.62462877509531e-52,5.09805524758834e-144,1.46386226632999e-23,2.48333536831435e-23,3.14406796366831e-23,1.47571388520619e-23,2.13666470714838e-23,1,4.68072019490795e-23,1,1,1,1,1,1,1,1,1,1,1,1,1,1,1,1,1,1,1,1,1,1,1,1,1,1,1,1,1,1,1,1,1,1,1,1,1,1,1,1,1,1,1,1,1,1,1,1,1,1,1,1,1,1,1,1,1,1,1,1,1,1,1,1,1,1,1,1,1,1,1,1,1,1,0.476048781071915,1,0.227438365562298
"Q15.4",1,1,1,1,1,0.499496350672586,1,1,1,1,1,1,0.00702499815807285,1,1,1,1,1,1,1,1,1.01289491939736e-10,1.00292554436212e-07,5.65519927986462e-14,1.64022677086614e-21,0,2.23843749983032e-76,1.08660085531696e-06,3.40287419219472e-07,3.82344642824575e-43,5.5623661050696e-85,2.88940498237916e-92,6.44635292010546e-85,1.63352530138975e-85,1.25862349428469e-84,1,7.90381718432435e-87,1,1,1,1,1,1,1,1,1,1,1,1,1,1,1,1,1,1,1,1,1,1,1,1,1,1,1,1,1,1,1,1,1,1,1,1,1,1,1,1,1,1,1,1,1,1,1,1,1,1,1,1,1,1,1,1,1,1,1,1,1,1,1,1,1,1,1,1,1,1,1,1,1,1,1,1,0.529006030823394
"Q15.5",1,1,1,1,1,1,1,1,1,1,1,1,0.000478094580051913,1,1,1,1,1,1,1,1,1.15933718031439e-15,2.94911698081209e-08,3.88072260612735e-15,4.46311590104079e-22,2.23843749983032e-76,0,0.354443818559549,1.88529104109518e-08,1.59635473483085e-53,2.65078526873334e-296,1.53886847302697e-283,2.51328801720094e-306,3.33126278004557e-312,3.76020655544011e-309,0.0487268781187599,4.11396755571644e-286,1,1,1,1,1,1,1,1,1,1,1,1,1,1,1,1,1,1,1,1,1,1,1,1,1,1,1,1,1,1,1,1,1,1,1,1,1,1,1,1,1,1,1,1,1,1,1,1,1,1,1,1,1,1,1,1,1,1,1,1,1,1,1,1,1,1,1,1,1,1,1,1,1,1,1,1,0.249886873973023
"Q15.6",0.0149025643494879,0.0888761347632366,1,1,1,1,1,1,1,1,1,1,1,1,1,1,1,1,1,1,1,1,1,1,1,1.08660085531696e-06,0.354443818559549,0,1,0.000931113462075615,1.56254478117114e-06,3.06499575072116e-10,1.8022358827473e-07,1.10137955337271e-07,1.47843879991294e-06,1,6.51364887847365e-09,1,1,1,1,1,1,1,1,1,1,1,1,1,1,1,1,1,1,1,1,1,1,1,1,1,1,1,1,1,1,1,1,1,1,1,1,1,1,1,1,1,1,1,1,1,1,1,1,1,1,1,1,1,1,1,1,1,1,1,1,1,1,1,1,1,1,1,1,1,1,1,1,1,1,1,1,1
"Q15.7",1,1,0.512193810622665,1,0.000290071321215363,0.0346669437105538,1,1,1,1,1,1,1,1,1,1,1,1,1,1,1,2.39930095016433e-26,1.02282736803332e-213,4.62312005571423e-85,4.62462877509531e-52,3.40287419219472e-07,1.88529104109518e-08,1,0,1.53536003075308e-129,7.021092278456e-09,6.61480230916575e-09,6.21018310611795e-09,5.48404582655571e-09,6.65833449024489e-09,1,6.33308746047378e-09,1,1,1,1,1,1,1,1,1,1,1,1,1,1,1,1,1,1,1,1,1,1,1,1,1,1,1,1,1,1,1,1,1,1,1,1,1,1,1,1,1,1,1,1,1,1,1,1,1,1,1,1,1,1,1,1,1,1,1,1,1,1,1,1,1,1,1,1,1,1,1,1,1,1,1,1,1
"Q15",1,1,0.0520666149012711,1,0.00621173513177378,0.000213451106137628,1,1,1,1,1,1,0.00103624494479548,1,1,1,1,1,1,1,1,1.58873122616402e-44,1.63518754904844e-102,1.45441517271194e-107,5.09805524758834e-144,3.82344642824575e-43,1.59635473483085e-53,0.000931113462075615,1.53536003075308e-129,0,3.21393563524895e-57,6.75336872088535e-58,1.05028886868827e-57,4.33188652251205e-58,2.25594820509172e-57,1,7.5398530607904e-58,1,1,1,1,1,1,1,1,1,1,1,1,1,1,1,1,1,1,1,1,1,1,1,1,1,1,1,1,1,1,1,1,1,1,1,1,1,1,1,1,1,1,1,1,1,1,1,1,1,1,1,1,1,1,1,1,1,1,1,1,1,1,1,1,1,1,1,1,1,1,1,0.559894158183222,0.106645201667795,1,1,1,0.100809844104802
"Q16",1,1,1,1,1,1,1,1,1,1,1,1,9.1065896517763e-05,1,1,1,1,1,1,1,1,1.20167784314217e-16,7.20675783331069e-09,4.30267682219101e-16,1.46386226632999e-23,5.5623661050696e-85,2.65078526873334e-296,1.56254478117114e-06,7.021092278456e-09,3.21393563524895e-57,0,0,0,0,0,0.480436413570687,0,1,1,1,1,1,1,1,1,1,1,1,1,1,1,1,1,1,1,1,1,1,1,1,1,1,1,1,1,1,1,1,1,1,1,1,1,1,1,1,1,1,1,1,1,1,1,1,1,1,1,1,1,1,1,1,1,1,1,1,1,1,1,1,1,1,1,1,1,1,1,1,1,1,1,1,1,1
"Q17",1,1,1,1,1,1,1,1,1,1,1,1,1.46348572854314e-05,1,1,1,1,1,1,1,1,1.71670766277191e-15,1.00965863765134e-08,6.51200829151883e-16,2.48333536831435e-23,2.88940498237916e-92,1.53886847302697e-283,3.06499575072116e-10,6.61480230916575e-09,6.75336872088535e-58,0,0,0,0,0,0.0457158248081095,0,1,1,1,1,1,1,1,1,1,1,1,1,1,1,1,1,1,1,1,1,1,1,1,1,1,1,1,1,1,1,1,1,0.976275860877241,1,1,1,1,1,1,1,1,1,1,1,1,1,1,1,1,1,1,1,1,1,1,1,1,1,1,1,1,1,1,1,1,1,1,1,1,1,1,1,1,1,1,1,0.711976680477566
"Q18",1,1,1,1,1,1,1,1,1,1,1,1,2.95829311959616e-05,1,1,1,1,1,1,1,1,2.90931242861482e-16,9.85943421004193e-09,6.16484429233169e-16,3.14406796366831e-23,6.44635292010546e-85,2.51328801720094e-306,1.8022358827473e-07,6.21018310611795e-09,1.05028886868827e-57,0,0,0,0,0,0.0825160581881437,0,1,1,1,1,1,1,1,1,1,1,1,1,1,1,1,1,1,1,1,1,1,1,1,1,1,1,1,1,1,1,1,1,1,1,1,1,1,1,1,1,1,1,1,1,1,1,1,1,1,1,1,1,1,1,1,1,1,1,1,1,1,1,1,1,1,1,1,1,1,1,1,1,1,1,1,1,0.680456010889064
"Q20",1,1,1,1,1,1,1,1,1,1,1,1,2.99362371818679e-05,1,1,1,1,1,1,1,1,2.31775921852758e-16,7.22704128305333e-09,3.92986708445457e-16,1.47571388520619e-23,1.63352530138975e-85,3.33126278004557e-312,1.10137955337271e-07,5.48404582655571e-09,4.33188652251205e-58,0,0,0,0,0,0.000870661052884231,0,1,1,1,1,1,1,1,1,1,1,1,1,1,1,1,1,1,1,1,1,1,1,1,1,1,1,1,1,1,1,1,1,1,1,1,1,1,1,1,1,1,1,1,1,1,1,1,1,1,1,1,1,1,1,1,1,1,1,1,1,1,1,1,1,1,1,1,1,1,1,1,1,1,1,1,1,0.847726762424332
"Q21",1,1,1,1,1,1,1,1,1,1,1,1,3.95657191845917e-05,1,1,1,1,1,1,1,1,1.03282852441e-16,9.25466861712998e-09,5.83113232008077e-16,2.13666470714838e-23,1.25862349428469e-84,3.76020655544011e-309,1.47843879991294e-06,6.65833449024489e-09,2.25594820509172e-57,0,0,0,0,0,0.017389832441988,0,1,1,1,1,1,1,1,1,1,1,1,1,1,1,1,1,1,1,1,1,1,1,1,1,1,1,1,1,1,1,1,1,1,1,1,1,1,1,1,1,1,1,1,1,1,1,1,1,1,1,1,1,1,1,1,1,1,1,1,1,1,1,1,1,1,1,1,1,1,1,1,1,1,1,1,1,1
"Q22",1,1,1,1,1,1,1,1,1,1,1,1,1,1,1,1,1,1,1,1,1,1,1,1,1,1,0.0487268781187599,1,1,1,0.480436413570687,0.0457158248081095,0.0825160581881437,0.000870661052884231,0.017389832441988,0,0.0347351992966913,1,1,1,1,1,1,1,1,1,1,1,1,1,1,1,1,1,1,1,1,1,1,1,1,1,1,1,1,1,1,1,1,1,1,1,1,1,1,1,1,1,1,1,1,1,1,1,1,1,1,1,1,1,1,1,1,1,1,1,1,1,1,1,1,1,1,1,1,1,1,1,1,1,1,1,1,1
"Q23",1,1,1,1,1,1,1,1,1,1,1,1,2.55139991603889e-05,1,1,1,1,1,1,1,1,3.24556860274161e-16,1.47128871817941e-08,1.04427171544788e-15,4.68072019490795e-23,7.90381718432435e-87,4.11396755571644e-286,6.51364887847365e-09,6.33308746047378e-09,7.5398530607904e-58,0,0,0,0,0,0.0347351992966913,0,1,1,1,1,1,1,1,1,1,1,1,1,1,1,1,1,1,1,1,1,1,1,1,1,1,1,1,1,1,1,1,1,1,1,1,1,1,1,1,1,1,1,1,1,1,1,1,1,1,1,1,1,1,1,1,1,1,1,1,1,1,1,1,1,1,1,1,1,1,1,1,1,1,1,1,1,1
"Q24.1",1,1,1,1,1,1,1,1,1,1,1,1,1,1,1,1,1,1,1,1,1,1,1,1,1,1,1,1,1,1,1,1,1,1,1,1,1,0,2.89333407445676e-30,0.0151434459104866,1.80843371990075e-07,1,1,1.83923539351286e-08,9.40149899490472e-05,1,0.42411416700165,1,1,1,1,1,1,8.82465706454076e-07,1,1,1,1,1,1,1,1,1,1,1,1,1,1,1,1,1,1,1,1,1,1,1,1,1,1,1,1,1,1,1,1,1,1,1,1,1,1,1,1,1,1,1,1,1,1,1,1,1,1,1,1,1,1,1,1,1,1,1,1
"Q24.2",1,1,1,1,1,1,1,1,1,1,1,1,1,1,1,1,1,1,1,1,1,1,1,1,1,1,1,1,1,1,1,1,1,1,1,1,1,2.89333407445676e-30,0,0.00489476070922213,1,1,1,0.0277487536549728,4.89109845484492e-15,0.942757475346528,0.129910458648045,1,1,1,1,1,1,1.05655962943775e-15,0.10212136933534,1,1,1,1,1,1,1,1,1,1,1,1,1,1,1,1,1,1,1,1,1,1,1,1,1,1,1,1,1,1,1,1,1,1,1,1,1,1,1,1,1,1,1,1,1,1,1,1,1,1,1,1,1,1,1,1,1,1,1
"Q24.3",1,1,1,1,1,1,1,1,1,1,1,1,1,1,1,1,1,1,1,1,1,1,1,1,1,1,1,1,1,1,1,1,1,1,1,1,1,0.0151434459104866,0.00489476070922213,0,0.00120825864811337,1,1,9.65979170861318e-12,0.00198198639058254,1,4.80642056743892e-34,1,1,1,1,1,1,1,1,1,1,1,1,1,1,1,1,1,1,1,1,1,1,1,1,1,1,1,1,1,1,1,1,1,1,1,1,1,1,1,1,1,1,1,1,1,1,1,1,1,1,1,1,1,1,1,1,1,1,1,1,1,1,1,1,1,1,1
"Q24.4",1,1,1,1,1,1,1,1,1,1,1,1,1,1,1,1,1,1,1,1,1,1,1,1,1,1,1,1,1,1,1,1,1,1,1,1,1,1.80843371990075e-07,1,0.00120825864811337,0,1,1,2.05743035378385e-13,1,1,3.49589315424089e-05,1,1,3.90258998057864e-21,1,1,1,1,1,1,1,1,1,1,1,1,1,1,1,1,1,1,1,1,1,1,1,1,1,1,1,1,1,1,1,1,1,1,1,1,1,1,1,1,1,1,1,1,1,1,1,1,1,1,0.260579374502945,1,1,1,1,1,1,1,1,1,1,1,1,1
"Q24.5",1,1,1,1,1,1,1,1,1,1,1,1,1,1,1,1,1,1,1,1,1,1,1,1,1,1,1,1,1,1,1,1,1,1,1,1,1,1,1,1,1,0,5.66052596489653e-14,3.91531704156608e-82,1,1,1,1.98576387098062e-12,0.00164702568351869,1,1,1,1.55388837253912e-13,1,1,1,1,1,1,1,0.0431447596464134,1,1,1,1,1,1,1,1,1,1,1,1,1,1,1,1,1,1,1,1,1,1,1,1,1,1,1,1,1,1,1,1,1,1,1,1,1,1,1,1,1,1,1,1,1,1,1,1,0.0220477999302885,1,1,1,0.0366705616329563
"Q24.6",1,1,1,1,1,1,1,1,1,1,1,1,1,1,1,1,1,1,1,1,1,1,1,1,1,1,1,1,1,1,1,1,1,1,1,1,1,1,1,1,1,5.66052596489653e-14,0,3.44566227645945e-94,1,1,1,0.000206193958283058,3.86130398661015e-17,1,1,1,8.3873467349094e-20,1,0.707482757578283,1,0.0875400589247753,1,1,1,0.270456166074594,1,1,1,1,1,1,1,1,1,1,1,1,1,1,1,1,1,1,1,1,1,1,1,1,1,1,1,1,1,1,1,1,1,1,1,1,1,1,1,1,1,1,1,1,1,1,1,1,0.000655905574182156,1,1,1,5.18018303357494e-06
"Q24",1,1,1,1,1,1,1,1,1,1,1,1,1,1,1,1,1,1,1,1,1,1,1,1,1,1,1,1,1,1,1,1,1,1,1,1,1,1.83923539351286e-08,0.0277487536549728,9.65979170861318e-12,2.05743035378385e-13,3.91531704156608e-82,3.44566227645945e-94,0,1,1,0.0582966134827511,2.57825044030276e-07,5.75910372670323e-11,0.238461618589041,1,1,3.3510724573734e-23,1,0.0461822745995854,1,0.00244638214970513,1,0.000678239570273757,1,0.000208560341294952,1,1,1,1,1,1,1,1,1,1,1,1,1,1,1,1,1,1,1,1,1,1,1,1,1,1,1,1,1,1,1,1,1,1,0.133538089010899,1,1,0.077112464843715,1,0.057967034532426,1,1,1,1,1,1,1,1,0.000888650202841355,1,0.0894014945481335,1,3.04086548744007e-07
"Q25.1",1,1,1,1,1,1,1,1,1,1,1,1,1,1,1,1,1,1,1,1,1,1,1,1,1,1,1,1,1,1,1,1,1,1,1,1,1,9.40149899490472e-05,4.89109845484492e-15,0.00198198639058254,1,1,1,1,0,0.0077102375157123,1.23829601820181e-06,0.331386284339729,1,1,1,1,1,2.48828974466004e-08,1,0.334441964230206,1,1,1,1,1,1,1,0.00620580893657797,1,1,1,1,1,1,1,1,1,1,1,1,1,1,1,1,1,1,1,1,1,1,1,1,1,1,1,1,1,1,1,1,1,1,1,1,1,1,1,1,1,1,1,1,1,1,1,1,1,1
"Q25.2",1,1,1,1,1,1,1,1,1,1,1,1,1,1,1,1,1,1,1,1,1,1,1,1,1,1,1,1,1,1,1,1,1,1,1,1,1,1,0.942757475346528,1,1,1,1,1,0.0077102375157123,0,1,1,1,1,1,1,1,1,1,1,1,1,1,1,1,1,1,1,1,1,1,1,1,1,1,1,1,1,1,1,1,1,1,1,1,1,1,1,1,1,1,1,1,1,1,1,1,1,1,1,1,1,1,1,1,1,1,1,1,1,1,1,1,1,1,1,1,1
"Q25.3",1,1,1,1,1,1,1,1,1,1,1,1,1,1,1,1,1,1,1,1,1,1,1,1,1,1,1,1,1,1,1,1,1,1,1,1,1,0.42411416700165,0.129910458648045,4.80642056743892e-34,3.49589315424089e-05,1,1,0.0582966134827511,1.23829601820181e-06,1,0,1,1,0.0238091642803266,1,1,1,1,1,1,1,1,1,1,1,1,1,1,1,1,1,1,1,1,1,1,1,1,1,1,1,1,1,1,1,1,1,1,1,1,1,1,1,1,1,1,1,1,1,1,1,1,1,1,1,1,1,1,1,1,1,1,1,1,1,1,1,1
"Q25.4",1,1,1,1,1,1,1,1,1,1,1,1,1,1,1,1,1,1,1,1,1,1,1,1,1,1,1,1,1,1,1,1,1,1,1,1,1,1,1,1,1,1.98576387098062e-12,0.000206193958283058,2.57825044030276e-07,0.331386284339729,1,1,0,0.183617964653052,1,1,0.348960330460634,7.06570956931563e-71,1,1,1,1,1,1,1,0.499565860316729,1,1,1,1,1,1,1,1,1,1,1,1,1,1,1,1,1,1,1,1,1,1,1,1,1,1,1,1,1,1,1,1,1,1,1,1,1,1,1,1,1,1,1,1,1,0.13817553874937,1,1,1,1,1,1,1
"Q25.5",1,1,1,1,1,1,1,1,1,1,1,1,1,1,1,1,1,1,1,1,1,1,1,1,1,1,1,1,1,1,1,1,1,1,1,1,1,1,1,1,1,0.00164702568351869,3.86130398661015e-17,5.75910372670323e-11,1,1,1,0.183617964653052,0,1,1,1,1.49413467960334e-69,1,1,1,1,1,1,1,1,1,1,1,1,1,1,1,1,1,1,1,1,1,1,1,1,1,1,1,1,1,1,1,1,1,1,1,1,1,1,1,1,1,1,1,1,1,1,1,1,1,1,1,1,1,1,1,1,0.569623185730344,1,1,1,1
"Q25.6",1,1,1,1,1,1,1,1,1,1,1,1,1,1,1,1,1,1,1,1,1,1,1,1,1,1,1,1,1,1,1,1,1,1,1,1,1,1,1,1,3.90258998057864e-21,1,1,0.238461618589041,1,1,0.0238091642803266,1,1,0,1,1,1.12803697111811e-07,1,1,1,1,1,1,1,1,1,1,1,1,1,1,1,1,1,1,1,1,1,1,1,1,1,1,1,1,1,1,1,1,1,1,1,1,1,1,1,1,1,1,1,1,1,1,1,1,1,1,1,1,1,1,1,1,1,1,1,1,1
"Q25.7",1,1,1,1,1,1,1,1,1,1,1,1,1,1,1,1,1,1,1,1,1,1,1,1,1,1,1,1,1,1,1,1,1,1,1,1,1,1,1,1,1,1,1,1,1,1,1,1,1,1,0,0.820091905851975,5.59591987301485e-07,1,1,1,1,1,1,1,1,1,1,1,1,1,1,1,1,1,1,1,1,1,1,1,1,1,1,1,1,1,1,1,1,1,1,1,1,1,1,1,1,1,1,1,1,1,1,1,1,1,1,1,1,0.257499951528682,1,1,1,1,1,1,1,1
"Q25.8",1,1,1,1,1,1,1,1,1,1,1,1,1,1,1,1,1,1,1,1,1,1,1,1,1,1,1,1,1,1,1,1,1,1,1,1,1,1,1,1,1,1,1,1,1,1,1,0.348960330460634,1,1,0.820091905851975,0,1.00200155113115e-16,1,1,1,1,1,1,1,1,1,1,1,1,1,1,1,1,1,1,1,1,1,1,1,1,1,1,1,1,1,1,1,1,1,1,1,1,1,1,1,1,1,1,1,1,1,1,1,1,1,1,1,1,1,1,1,1,1,1,1,1,1
"Q25",1,1,1,1,1,1,1,1,1,1,1,1,1,1,1,1,1,1,1,1,1,1,1,1,1,1,1,1,1,1,1,1,1,1,1,1,1,1,1,1,1,1.55388837253912e-13,8.3873467349094e-20,3.3510724573734e-23,1,1,1,7.06570956931563e-71,1.49413467960334e-69,1.12803697111811e-07,5.59591987301485e-07,1.00200155113115e-16,0,1,1,1,0.547373796084136,1,0.000732587684210341,0.0645489996342868,6.45176106990616e-06,1,1,1,1,1,1,1,1,1,1,1,1,1,1,1,1,1,1,1,1,1,1,1,1,1,1,1,1,1,1,1,1,1,1,1,1,1,1,1,1,1,1,1,1,1,1,1,1,1,1,1,1,1
"Q26",1,1,1,1,1,1,1,1,1,1,1,1,1,1,1,1,1,1,1,1,1,1,1,1,1,1,1,1,1,1,1,1,1,1,1,1,1,8.82465706454076e-07,1.05655962943775e-15,1,1,1,1,1,2.48828974466004e-08,1,1,1,1,1,1,1,1,0,0.236306243980725,1,1,1,1,1,1,1,1,1,1,1,1,1,1,1,1,1,1,1,1,1,1,1,1,1,1,1,1,1,1,1,1,1,1,1,1,1,1,1,1,1,1,1,1,1,1,1,1,1,1,1,1,1,1,1,1,1,1,1
"Q27.1",1,1,1,1,1,1,1,1,1,1,1,1,1,1,1,1,1,1,1,1,1,1,1,1,1,1,1,1,1,1,1,1,1,1,1,1,1,1,0.10212136933534,1,1,1,0.707482757578283,0.0461822745995854,1,1,1,1,1,1,1,1,1,0.236306243980725,0,1,1,1,1,1,0.00329526785665093,1,1,1,1,1,1,1,1,1,1,1,1,1,1,1,1,1,1,1,1,1,1,1,1,1,1,1,1,1,1,1,1,1,1,1,1,1,1,1,1,1,1,1,1,1,1,1,1,1,1,1,1,0.000168665902526581
"Q27.2",1,1,1,1,1,1,1,1,1,1,1,1,1,1,1,1,1,1,1,1,1,1,1,1,1,1,1,1,1,1,1,1,1,1,1,1,1,1,1,1,1,1,1,1,0.334441964230206,1,1,1,1,1,1,1,1,1,1,0,0.0649213476615431,1,2.08286456422337e-05,0.0704311079063982,5.3572539209397e-43,1,1,1,1,1,1,1,1,1,1,1,1,1,1,1,1,1,1,1,1,1,1,1,1,1,1,1,1,1,1,1,1,1,1,1,1,1,1,1,1,1,1,1,1,1,1,1,1,1,1,1,1,1
"Q27.3",1,1,1,1,1,1,1,1,1,1,1,1,1,1,1,1,1,1,1,1,1,1,1,1,1,1,1,1,1,1,1,1,1,1,1,1,1,1,1,1,1,1,0.0875400589247753,0.00244638214970513,1,1,1,1,1,1,1,1,0.547373796084136,1,1,0.0649213476615431,0,0.0105147017566115,0.00165730307049402,1,9.85426726046775e-10,1,1,1,1,1,1,1,1,1,1,1,1,1,1,1,1,1,1,1,1,1,1,1,1,1,1,1,1,1,1,1,1,1,1,1,1,1,1,1,1,1,1,1,1,1,1,1,1,1,1,1,1,1
"Q27.4",1,1,1,1,1,1,1,1,1,1,1,1,1,1,1,1,1,1,1,1,1,1,1,1,1,1,1,1,1,1,1,1,1,1,1,1,1,1,1,1,1,1,1,1,1,1,1,1,1,1,1,1,1,1,1,1,0.0105147017566115,0,6.97497361381685e-05,1,1.93922080280604e-05,1,1,1,1,1,1,1,1,1,1,1,1,1,1,1,1,1,1,1,1,1,1,1,1,1,1,1,1,1,1,1,1,1,1,0.00867619599465299,1,1,1,1,0.393206971841192,1,1,0.782264402219099,1,1,1,1,1,1,1,1,1,1
"Q27.5",1,1,1,1,1,1,1,1,1,1,1,1,1,1,1,1,1,1,1,0.362820190375855,0.400466500153401,1,1,1,1,1,1,1,1,1,1,1,1,1,1,1,1,1,1,1,1,1,1,0.000678239570273757,1,1,1,1,1,1,1,1,0.000732587684210341,1,1,2.08286456422337e-05,0.00165730307049402,6.97497361381685e-05,0,1.29063045917954e-12,1.22012633687112e-51,1,1,1,1,1,1,1,1,1,1,1,1,1,1,1,1,1,1,1,1,0.00299507938836593,1,0.168392332348411,9.52448239149002e-05,1,1,1,1,1,1,1,1,1,1,1,1,1,1,1,1,1,1,0.571624308599073,1,1,1,1,1,1,1,1,1,0.582191208585518
"Q27.6",1,1,1,1,1,1,1,1,1,1,1,1,1,1,1,1,1,1,1,1,1,1,1,1,1,1,1,1,1,1,1,1,1,1,1,1,1,1,1,1,1,1,1,1,1,1,1,1,1,1,1,1,0.0645489996342868,1,1,0.0704311079063982,1,1,1.29063045917954e-12,0,9.42211114025171e-124,1,1,1,1,1,1,1,1,1,1,1,1,1,1,1,1,1,1,1,1,1,1,0.127038145418503,0.000134869102990966,1,1,1,1,1,1,1,1,1,1,1,1,1,1,1,1,1,1,1,1,1,1,1,1,1,1,1,1,1
"Q27",1,1,1,1,1,1,1,1,1,1,1,1,1,1,1,1,1,1,1,1,1,1,1,1,1,1,1,1,1,1,1,1,1,1,1,1,1,1,1,1,1,0.0431447596464134,0.270456166074594,0.000208560341294952,1,1,1,0.499565860316729,1,1,1,1,6.45176106990616e-06,1,0.00329526785665093,5.3572539209397e-43,9.85426726046775e-10,1.93922080280604e-05,1.22012633687112e-51,9.42211114025171e-124,0,1,1,1,1,1,1,1,1,1,1,1,1,1,1,1,1,1,1,1,1,0.00412080714509134,0.0561467888231292,0.00247519652183257,7.15144305614985e-09,1,1,1,1,1,1,1,1,1,1,1,1,1,1,1,1,0.877422389969742,1,1,1,1,1,1,1,1,1,1,1,1
"Q28",1,1,1,1,1,1,1,1,1,1,1,1,1,1,1,1,1,1,1,1,1,1,1,1,1,1,1,1,1,1,1,1,1,1,1,1,1,1,1,1,1,1,1,1,1,1,1,1,1,1,1,1,1,1,1,1,1,1,1,1,1,0,1.51527330946425e-22,1.15997910606905e-23,1,1,1,1,1,1,1,1,1,1,1,1,1,1,1,1,1,1,1,1,1,1,1,1,1,1,1,1,1,1,1,1,1,1,1,1,1,1,1,1,1,1,1,1,1,1,1,1,1,1
"Q29",1,1,1,1,1,1,1,1,1,1,1,1,1,1,1,1,1,1,1,1,1,1,1,1,1,1,1,1,1,1,1,1,1,1,1,1,1,1,1,1,1,1,1,1,1,1,1,1,1,1,1,1,1,1,1,1,1,1,1,1,1,1.51527330946425e-22,0,3.19089619839764e-09,0.214318968234697,0.453387791925831,1,1,1,3.08810687444817e-07,1,1,1,1,1,1,1,1,1,1,1,1,1,1,1,1,1,1,1,1,1,1,1,1,1,1,1,1,1,1,1,1,1,1,1,1,1,1,1,1,1,1,1,1
"Q30",1,1,1,1,1,1,1,1,1,1,1,1,1,1,1,1,1,1,1,1,1,1,1,1,1,1,1,1,1,1,1,1,1,1,1,1,1,1,1,1,1,1,1,1,0.00620580893657797,1,1,1,1,1,1,1,1,1,1,1,1,1,1,1,1,1.15997910606905e-23,3.19089619839764e-09,0,0.472201709768298,1,0.135983672752097,1,1,0.0609646832932083,1,1,1,1,1,1,1,1,1,1,1,1,1,1,1,1,1,1,1,1,1,1,1,1,1,1,1,1,1,1,1,1,1,1,1,1,1,1,1,1,1,1,1,1
"Q31.1",1,1,1,1,1,1,1,1,1,1,1,1,1,1,1,1,1,1,1,1,1,1,1,1,1,1,1,1,1,1,1,1,1,1,1,1,1,1,1,1,1,1,1,1,1,1,1,1,1,1,1,1,1,1,1,1,1,1,1,1,1,1,0.214318968234697,0.472201709768298,0,1,1,1,0.274140166468402,7.28082647606655e-91,3.01512355505291e-22,4.31041089877894e-07,1,1,1,1,0.0817145843731723,1,1,1,1,1,1,1,1,1,1,1,1,1,1,1,1,1,1,1,1,1,1,1,1,1,1,1,1,1,1,1,1,1,1,1,1,1
"Q31.2",1,1,1,1,1,1,1,1,1,1,1,1,1,1,1,1,1,1,1,1,1,1,1,1,1,1,1,1,1,1,1,1,1,1,1,1,1,1,1,1,1,1,1,1,1,1,1,1,1,1,1,1,1,1,1,1,1,1,1,1,1,1,0.453387791925831,1,1,0,1,1,1,2.69855096282024e-40,1,1,1,1,1,1,1,1,1,1,1,1,1,1,1,1,1,1,1,1,1,1,1,1,1,1,1,1,1,1,1,1,1,1,1,1,1,1,1,1,1,1,1,1
"Q31.3",1,1,1,1,1,1,1,1,1,1,1,1,1,1,1,1,1,1,1,1,1,1,1,1,1,1,1,1,1,1,1,1,1,1,1,1,1,1,1,1,1,1,1,1,1,1,1,1,1,1,1,1,1,1,1,1,1,1,1,1,1,1,1,0.135983672752097,1,1,0,1,1,1,1,1,1,1,1,1,1,1,0.369978736145294,1,1,1,1,0.0540469513078458,0.0454344023202279,1,1,1,1,1,1,1,1,1,1,1,1,1,1,1,1,1,1,1,1,1,1,1,1,1,1,1,1,1
"Q31.4",1,1,1,1,1,1,1,1,1,1,1,1,1,1,1,1,1,1,1,1,1,1,1,1,1,1,1,1,1,1,1,1,1,1,1,1,1,1,1,1,1,1,1,1,1,1,1,1,1,1,1,1,1,1,1,1,1,1,1,1,1,1,1,1,1,1,1,0,1,0.0172843402615636,1,1,1,1,1,1,1,1,1,1,1,1,1,1,1,1,1,1,1,1,1,1,1,1,1,1,1,1,1,1,1,1,1,1,1,1,1,1,1,1,1,1,1,1
"Q31.5",1,1,1,1,1,1,1,1,1,1,1,1,1,1,1,1,1,1,1,1,1,1,1,1,1,1,1,1,1,1,1,1,1,1,1,1,1,1,1,1,1,1,1,1,1,1,1,1,1,1,1,1,1,1,1,1,1,1,1,1,1,1,1,1,0.274140166468402,1,1,1,0,1.75085935589348e-06,1,0.00138964697680518,1,1,1,1,1,1,1,1,1,1,1,1,1,1,1,1,1,1,1,1,1,1,1,1,1,1,1,1,1,1,1,1,1,1,1,1,1,1,1,1,1,1
"Q31",1,1,1,1,1,1,1,1,1,1,1,1,1,1,1,1,1,1,1,1,1,1,1,1,1,1,1,1,1,1,1,0.976275860877241,1,1,1,1,1,1,1,1,1,1,1,1,1,1,1,1,1,1,1,1,1,1,1,1,1,1,1,1,1,1,3.08810687444817e-07,0.0609646832932083,7.28082647606655e-91,2.69855096282024e-40,1,0.0172843402615636,1.75085935589348e-06,0,3.7940428637671e-17,4.42350919113255e-08,0.434249841583387,1,1,0.894298883135671,0.000115365884881347,1,1,1,1,1,1,1,1,1,1,1,1,1,1,1,1,1,1,1,1,1,1,1,1,1,1,1,1,1,1,1,1,1,1,1,1,1
"Q32",1,1,1,1,1,1,1,1,1,1,1,1,1,1,1,1,1,1,1,1,1,1,1,1,1,1,1,1,1,1,1,1,1,1,1,1,1,1,1,1,1,1,1,1,1,1,1,1,1,1,1,1,1,1,1,1,1,1,1,1,1,1,1,1,3.01512355505291e-22,1,1,1,1,3.7940428637671e-17,0,3.40997174940507e-30,1,0.905285480598526,1,1,0.273502688967724,1,1,1,1,1,1,1,1,1,1,1,1,1,1,1,1,1,1,1,1,1,1,1,1,1,1,1,1,1,1,0.120089320532137,1,1,1,1,1,1
"Q33",1,1,1,1,1,1,1,1,1,1,1,1,0.45575294357459,1,1,1,1,1,1,1,1,1,1,1,1,1,1,1,1,1,1,1,1,1,1,1,1,1,1,1,1,1,1,1,1,1,1,1,1,1,1,1,1,1,1,1,1,1,1,1,1,1,1,1,4.31041089877894e-07,1,1,1,0.00138964697680518,4.42350919113255e-08,3.40997174940507e-30,0,0.63828717428647,1,1,1,0.194367670550985,1,1,1,1,1,1,1,1,1,1,1,1,1,1,1,1,1,1,1,1,1,1,1,1,1,1,1,1,1,1,1,1,1,1,1,1,1
"Q34.1",1,1,1,1,1,1,1,1,1,1,1,1,1,1,1,1,1,1,1,1,1,1,1,1,1,1,1,1,1,1,1,1,1,1,1,1,1,1,1,1,1,1,1,1,1,1,1,1,1,1,1,1,1,1,1,1,1,1,1,1,1,1,1,1,1,1,1,1,1,0.434249841583387,1,0.63828717428647,0,1,1,5.05755781219212e-06,9.42048405805276e-109,1,1,1,1,1,1,1,1,1,1,1,1,1,1,1,1,1,1,1,1,1,1,1,1,1,1,1,1,1,1,1,1,1,1,1,1,1
"Q34.2",1,1,1,1,1,1,1,1,1,1,1,1,1,1,1,1,1,1,1,1,1,1,1,1,1,1,1,1,1,1,1,1,1,1,1,1,1,1,1,1,1,1,1,1,1,1,1,1,1,1,1,1,1,1,1,1,1,1,1,1,1,1,1,1,1,1,1,1,1,1,0.905285480598526,1,1,0,1,1,2.49409002546115e-09,1,1,1,1,1,1,1,1,1,1,1,1,1,1,1,1,1,1,1,1,1,1,1,1,1,1,1,1,1,1,1,1,1,1,1,1,1
"Q34.3",1,1,1,1,1,1,1,1,1,1,1,1,1,1,1,1,1,1,1,1,1,1,1,1,1,1,1,1,1,1,1,1,1,1,1,1,1,1,1,1,1,1,1,1,1,1,1,1,1,1,1,1,1,1,1,1,1,1,1,1,1,1,1,1,1,1,1,1,1,1,1,1,1,1,0,1,0.000126322480083298,1,1,1,1,0.394417029038904,1,1,1,1,1,1,1,1,1,1,1,1,1,1,1,1,1,1,1,0.244617620773476,1,1,1,1,1,1,1,1,1,1,1,1
"Q34.4",1,1,1,1,1,1,1,1,1,1,1,1,1,1,1,1,1,1,1,1,1,1,1,1,1,1,1,1,1,1,1,1,1,1,1,1,1,1,1,1,1,1,1,1,1,1,1,1,1,1,1,1,1,1,1,1,1,1,1,1,1,1,1,1,1,1,1,1,1,0.894298883135671,1,1,5.05755781219212e-06,1,1,0,2.25318102325273e-72,1,1,1,1,1,1,1,0.0803369087444998,1,1,1,1,1,1,1,1,1,1,1,1,1,1,1,1,1,1,1,1,1,1,1,1,1,1,1,0.273932015841943,1
"Q34",1,1,1,1,1,1,1,1,1,1,1,1,1,1,1,1,1,1,1,1,1,1,1,1,1,1,1,1,1,1,1,1,1,1,1,1,1,1,1,1,1,1,1,1,1,1,1,1,1,1,1,1,1,1,1,1,1,1,1,1,1,1,1,1,0.0817145843731723,1,1,1,1,0.000115365884881347,0.273502688967724,0.194367670550985,9.42048405805276e-109,2.49409002546115e-09,0.000126322480083298,2.25318102325273e-72,0,1,1,1,1,0.993709344423648,1,1,1,1,1,1,1,1,1,1,1,1,1,1,1,1,1,1,1,1,1,1,1,1,1,1,1,1,1,1,1,1
"Q35.1",1,1,1,1,1,1,1,1,1,1,1,1,1,1,1,1,1,1,1,1,1,1,1,1,1,1,1,1,1,1,1,1,1,1,1,1,1,1,1,1,1,1,1,1,1,1,1,1,1,1,1,1,1,1,1,1,1,1,1,1,1,1,1,1,1,1,1,1,1,1,1,1,1,1,1,1,1,0,1,2.8954638645905e-13,2.98955899878549e-10,8.08020005361002e-05,1,1,7.99903413491718e-14,1,1,1,1,1,1,1,1,1,1,1,1,1,1,1,1,1,1,1,1,1,1,1,1,1,1,1,1,1
"Q35.2",1,1,1,1,1,1,1,1,1,1,1,1,1,1,1,1,1,1,1,1,1,1,1,1,1,1,1,1,1,1,1,1,1,1,1,1,1,1,1,1,1,1,1,1,1,1,1,1,1,1,1,1,1,1,1,1,1,1,1,1,1,1,1,1,1,1,0.369978736145294,1,1,1,1,1,1,1,1,1,1,1,0,1.29405733780245e-12,1.27620394714714e-10,0.000345507971773418,1,1,9.8001999579862e-11,1,1,1,1,1,1,1,1,1,1,1,1,1,1,1,1,1,1,1,1,1,1,1,1,1,1,1,1,1
"Q35.3",1,1,1,1,1,1,1,1,1,1,1,1,1,1,1,1,1,1,1,1,1,1,1,1,1,1,1,1,1,1,1,1,1,1,1,1,1,1,1,1,1,1,1,1,1,1,1,1,1,1,1,1,1,1,1,1,1,1,1,1,1,1,1,1,1,1,1,1,1,1,1,1,1,1,1,1,1,2.8954638645905e-13,1.29405733780245e-12,0,1.67027293323527e-21,1.35303093669376e-05,1,1,2.11127492461774e-08,1,1,1,1,1,1,1,1,1,1,1,1,1,1,1,1,1,1,1,1,1,1,1,1,1,1,1,1,1
"Q35.4",1,1,1,1,1,1,1,1,1,1,1,1,1,1,1,1,1,1,1,1,1,1,1,1,1,1,1,1,1,1,1,1,1,1,1,1,1,1,1,1,1,1,1,1,1,1,1,1,1,1,1,1,1,1,1,1,1,1,1,1,1,1,1,1,1,1,1,1,1,1,1,1,1,1,1,1,1,2.98955899878549e-10,1.27620394714714e-10,1.67027293323527e-21,0,4.13029375124979e-05,4.25736016548046e-07,1,3.03435144572256e-14,1,1,1,1,1,1,1,1,1,1,1,1,1,1,1,1,1,1,1,1,1,1,1,1,1,1,1,1,1
"Q35.5",1,1,1,1,1,1,1,1,1,1,1,1,1,1,1,1,1,1,1,1,1,1,1,1,1,1,1,1,1,1,1,1,1,1,1,1,1,1,1,1,1,1,1,1,1,1,1,1,1,1,1,1,1,1,1,1,1,1,0.00299507938836593,1,0.00412080714509134,1,1,1,1,1,1,1,1,1,1,1,1,1,0.394417029038904,1,0.993709344423648,8.08020005361002e-05,0.000345507971773418,1.35303093669376e-05,4.13029375124979e-05,0,3.40535311973535e-11,7.9463000596581e-05,1.10664144282673e-64,1,1,1,1,1,1,1,1,1,1,1,1,1,1,1,1,0.0944017926770575,1,0.0955847446167419,1,1,1,1,1,1,1,1,1,1
"Q35.6",1,1,1,1,1,1,1,1,1,1,1,1,1,1,1,1,1,1,1,1,1,1,1,1,1,1,1,1,1,1,1,1,1,1,1,1,1,1,1,1,1,1,1,1,1,1,1,1,1,1,1,1,1,1,1,1,1,1,1,1,0.0561467888231292,1,1,1,1,1,1,1,1,1,1,1,1,1,1,1,1,1,1,1,4.25736016548046e-07,3.40535311973535e-11,0,0.00187568475884141,5.14667155351145e-32,1,1,1,1,1,1,1,1,1,1,1,1,1,1,1,1,1,1,1,1,1,1,1,1,1,1,1,1,1
"Q35.7",1,1,1,1,1,1,1,1,1,1,1,1,1,1,1,1,1,1,1,1,1,1,1,1,1,1,1,1,1,1,1,1,1,1,1,1,1,1,1,1,1,1,1,1,1,1,1,1,1,1,1,1,1,1,1,1,1,1,0.168392332348411,0.127038145418503,0.00247519652183257,1,1,1,1,1,0.0540469513078458,1,1,1,1,1,1,1,1,1,1,1,1,1,1,7.9463000596581e-05,0.00187568475884141,0,9.87569640088979e-101,1,1,1,1,1,1,1,1,1,1,1,0.490374200727262,1,0.0174079071663369,0.0439239684011213,0.000767041100233387,0.00384249107565158,1,3.16065804291832e-05,1,1,1,1,1,0.645747732658645,1,0.571214392328731,1,0.023249756785953
"Q35",1,1,1,1,1,1,1,1,1,1,1,1,1,1,1,1,1,1,1,1,1,1,1,1,1,1,1,1,1,1,1,1,1,1,1,1,1,1,1,1,1,1,1,1,1,1,1,1,1,1,1,1,1,1,1,1,1,1,9.52448239149002e-05,0.000134869102990966,7.15144305614985e-09,1,1,1,1,1,0.0454344023202279,1,1,1,1,1,1,1,1,0.0803369087444998,1,7.99903413491718e-14,9.8001999579862e-11,2.11127492461774e-08,3.03435144572256e-14,1.10664144282673e-64,5.14667155351145e-32,9.87569640088979e-101,0,1,1,1,1,1,1,1,0.207596621963212,1,1,0.591407631029591,0.0151393539643497,1,0.27214986095104,0.0565472822621985,0.00231688508550889,9.54853709857311e-06,1,3.11116252778737e-07,1,1,1,1,1,1,1,0.229835714573892,1,0.109556268131536
"Q41.1",1,1,1,1,1,1,1,1,1,1,1,1,1,1,1,1,1,1,1,1,1,1,1,1,1,1,1,1,1,1,1,1,1,1,1,1,1,1,1,1,1,1,1,1,1,1,1,1,1,1,1,1,1,1,1,1,1,1,1,1,1,1,1,1,1,1,1,1,1,1,1,1,1,1,1,1,1,1,1,1,1,1,1,1,1,0,1.2262835642447e-89,9.10850664043845e-52,2.447473000942e-30,2.94966139901555e-27,0,1,1,1,1,1,1,1,1,1,1,1,1,1,1,1,1,1,1,1,1,1,1,1
"Q41.2",1,1,1,1,1,1,1,1,1,1,1,1,1,1,1,1,1,1,1,1,1,1,1,1,1,1,1,1,1,1,1,1,1,1,1,1,1,1,1,1,1,1,1,1,1,1,1,1,1,1,1,1,1,1,1,1,1,1,1,1,1,1,1,1,1,1,1,1,1,1,1,1,1,1,1,1,1,1,1,1,1,1,1,1,1,1.2262835642447e-89,0,2.32479274596001e-19,6.4113065327013e-07,0.0126551093879858,1.03123193638959e-78,1,1,1,1,1,1,1,1,1,1,1,1,1,1,1,1,1,1,1,1,1,1,1
"Q41.3",1,1,1,1,1,1,1,1,1,1,1,1,1,1,1,1,1,1,1,1,1,1,1,1,1,1,1,1,1,1,1,1,1,1,1,1,1,1,1,1,1,1,1,1,1,1,1,1,1,1,1,1,1,1,1,1,1,1,1,1,1,1,1,1,1,1,1,1,1,1,1,1,1,1,1,1,1,1,1,1,1,1,1,1,1,9.10850664043845e-52,2.32479274596001e-19,0,2.49157066812232e-28,1.0868631616786e-08,4.88720893282883e-59,1,1,1,1,1,1,1,1,1,1,1,1,1,1,1,1,1,1,1,1,1,1,1
"Q41.4",1,1,1,1,1,1,1,1,1,1,1,1,1,1,1,1,1,1,1,1,1,1,1,1,1,1,1,1,1,1,1,1,1,1,1,1,1,1,1,1,1,1,1,1,1,1,1,1,1,1,1,1,1,1,1,1,1,1,1,1,1,1,1,1,1,1,1,1,1,1,1,1,1,1,1,1,1,1,1,1,1,1,1,1,1,2.447473000942e-30,6.4113065327013e-07,2.49157066812232e-28,0,5.88948907672087e-21,2.17199045896343e-39,1,1,1,1,1,1,1,1,1,1,1,1,1,1,1,1,1,1,1,1,1,1,1
"Q41.5",1,1,1,1,1,1,1,1,1,1,1,1,1,1,1,1,1,1,1,1,1,1,1,1,1,1,1,1,1,1,1,1,1,1,1,1,1,1,1,1,1,1,1,1,1,1,1,1,1,1,1,1,1,1,1,1,1,1,1,1,1,1,1,1,1,1,1,1,1,1,1,1,1,1,1,1,1,1,1,1,1,1,1,1,1,2.94966139901555e-27,0.0126551093879858,1.0868631616786e-08,5.88948907672087e-21,0,1.54887491144057e-38,1,1,1,1,1,1,1,1,1,1,1,1,1,1,1,1,1,1,1,1,1,1,1
"Q41",1,1,1,1,1,1,1,1,1,1,1,1,1,1,1,1,1,1,1,1,1,1,1,1,1,1,1,1,1,1,1,1,1,1,1,1,1,1,1,1,1,1,1,1,1,1,1,1,1,1,1,1,1,1,1,1,1,1,1,1,1,1,1,1,1,1,1,1,1,1,1,1,1,1,1,1,1,1,1,1,1,1,1,1,1,0,1.03123193638959e-78,4.88720893282883e-59,2.17199045896343e-39,1.54887491144057e-38,0,1,1,1,1,1,1,1,1,1,1,1,1,1,1,1,1,1,1,1,1,1,1,1
"Q42.1",1,1,1,1,1,1,1,1,1,1,1,1,1,1,1,1,1,1,1,1,1,1,1,1,1,1,1,1,1,1,1,1,1,1,1,1,1,1,1,1,1,1,1,1,1,1,1,1,1,1,1,1,1,1,1,1,1,1,1,1,1,1,1,1,1,1,1,1,1,1,1,1,1,1,1,1,1,1,1,1,1,1,1,1,1,1,1,1,1,1,1,0,1,1,1,1,0.000924207925409128,1,1,1,1,0.000227962208451414,1,3.83409507868156e-05,1,1,1,1,1,1,1,1,1,1
"Q42.2",1,1,1,1,1,1,1,1,1,1,1,1,1,1,1,1,1,1,1,1,1,1,1,1,1,1,1,1,1,1,1,1,1,1,1,1,1,1,1,1,1,1,1,1,1,1,1,1,1,1,1,1,1,1,1,1,1,1,1,1,1,1,1,1,1,1,1,1,1,1,1,1,1,1,1,1,1,1,1,1,1,1,1,1,0.207596621963212,1,1,1,1,1,1,1,0,2.49363936420987e-07,8.70103907360395e-12,3.27622004270357e-18,1.4521737211038e-41,1,9.72778395976243e-17,7.35841219083355e-08,4.13763285836666e-13,2.7754653627797e-07,1,1.15057956778037e-16,1,1,1,1,1,1,1,0.0264235794236526,0.425237151681495,0.20149641982327
"Q42.3",1,1,1,1,1,1,1,1,1,1,1,1,1,1,1,1,1,1,1,1,1,1,1,1,1,1,1,1,1,1,1,1,1,1,1,1,1,1,1,1,1,1,1,1,1,1,1,1,1,1,1,1,1,1,1,1,1,1,1,1,1,1,1,1,1,1,1,1,1,1,1,1,1,1,1,1,1,1,1,1,1,1,1,1,1,1,1,1,1,1,1,1,2.49363936420987e-07,0,2.94804833872117e-19,1.55518823730239e-12,2.38346791576455e-78,2.71755376866017e-07,1,0.0113572356298287,0.254660150427712,0.153754178926318,1,2.33570238981684e-08,1,1,1,1,1,1,1,1,1,1
"Q42.4",1,1,1,1,1,1,1,1,1,1,1,1,1,1,1,1,1,1,1,1,1,1,1,1,1,1,1,1,1,1,1,1,1,1,1,1,1,1,1,1,1,1,1,1,1,1,1,1,1,1,1,1,1,1,1,1,1,1,1,1,1,1,1,1,1,1,1,1,1,1,1,1,1,1,1,1,1,1,1,1,1,1,1,1,1,1,1,1,1,1,1,1,8.70103907360395e-12,2.94804833872117e-19,0,9.04228416469099e-29,1.73793840348998e-61,0.00684400651918344,0.00735351157380569,1.66534029404661e-16,5.77473418026239e-16,1.71767108967274e-08,1,5.36426548160034e-16,1,1,1,1,1,1,1,0.120538807269318,1,1
"Q42.5",1,1,1,1,1,1,1,1,1,1,1,1,1,1,1,1,1,1,1,1,1,1,1,1,1,1,1,1,1,1,1,1,1,1,1,1,1,1,1,1,1,1,1,0.133538089010899,1,1,1,1,1,1,1,1,1,1,1,1,1,0.00867619599465299,1,1,1,1,1,1,1,1,1,1,1,1,1,1,1,1,1,1,1,1,1,1,1,1,1,1,0.591407631029591,1,1,1,1,1,1,1,3.27622004270357e-18,1.55518823730239e-12,9.04228416469099e-29,0,3.20174415619384e-110,0.00604191252677362,0.0983302183441569,1.69833322844924e-07,1.85640610875143e-10,8.92958233601899e-16,1,7.55942500995126e-21,1,1,1,1,1,1,1,1,1,1
"Q42",1,1,1,1,1,1,1,1,1,1,1,1,1,1,1,1,1,1,1,1,1,1,1,1,1,1,1,1,1,1,1,1,1,1,1,1,1,1,1,1,1,1,1,1,1,1,1,1,1,1,1,1,1,1,1,1,1,1,1,1,1,1,1,1,1,1,1,1,1,1,1,1,1,1,1,1,1,1,1,1,1,1,1,0.490374200727262,0.0151393539643497,1,1,1,1,1,1,0.000924207925409128,1.4521737211038e-41,2.38346791576455e-78,1.73793840348998e-61,3.20174415619384e-110,0,2.95833749318924e-07,0.000172917037836563,1.34867324166073e-11,1.55487851260789e-14,5.9697902523546e-17,1,5.28997674297521e-31,1,1,1,1,1,1,1,1,1,1
"Q43.1",1,1,1,1,1,1,1,1,1,1,1,1,1,1,1,1,1,1,1,1,1,1,1,1,1,1,1,1,1,1,1,1,1,1,1,1,1,1,1,1,1,1,1,1,1,1,1,1,1,1,1,1,1,1,1,1,1,1,1,1,1,1,1,1,1,1,1,1,1,1,1,1,1,1,1,1,1,1,1,1,1,1,1,1,1,1,1,1,1,1,1,1,1,2.71755376866017e-07,0.00684400651918344,0.00604191252677362,2.95833749318924e-07,0,1,2.6067329166096e-06,1.26578546810179e-09,1.60150362417863e-06,1.19639102593617e-08,1.33792760578643e-30,1,1,1,1,1,1,1,1,1,1
"Q43.2",1,1,1,1,1,1,1,1,1,1,1,1,1,1,1,1,1,1,1,1,1,1,1,1,1,1,1,1,1,1,1,1,1,1,1,1,1,1,1,1,1,1,1,0.077112464843715,1,1,1,1,1,1,1,1,1,1,1,1,1,1,1,1,1,1,1,1,1,1,1,1,1,1,1,1,1,1,1,1,1,1,1,1,1,1,1,0.0174079071663369,0.27214986095104,1,1,1,1,1,1,1,9.72778395976243e-17,1,0.00735351157380569,0.0983302183441569,0.000172917037836563,1,0,7.75589948559418e-20,2.29313958230032e-30,5.43809969645413e-13,3.37574223577141e-12,4.58996421801802e-39,1,1,1,1,1,1,1,1,1,1
"Q43.3",1,1,1,1,1,1,1,1,1,1,1,1,1,1,1,1,1,1,1,1,1,1,1,1,1,1,1,1,1,1,1,1,1,1,1,1,1,1,1,1,1,1,1,1,1,1,1,1,1,1,1,1,1,1,1,1,1,1,1,1,1,1,1,1,1,1,1,1,1,1,1,1,1,1,1,1,1,1,1,1,1,1,1,0.0439239684011213,0.0565472822621985,1,1,1,1,1,1,1,7.35841219083355e-08,0.0113572356298287,1.66534029404661e-16,1.69833322844924e-07,1.34867324166073e-11,2.6067329166096e-06,7.75589948559418e-20,0,1.33683810779659e-45,7.25857611190534e-15,1.75333715755499e-12,2.19014440405001e-38,1,1,1,1,1,1,1,1,1,1
"Q43.4",1,1,1,1,1,1,1,1,1,1,1,1,1,1,1,1,1,1,1,1,1,1,1,1,1,1,1,1,1,1,1,1,1,1,1,1,1,1,1,1,0.260579374502945,1,1,0.057967034532426,1,1,1,1,1,1,1,1,1,1,1,1,1,0.393206971841192,1,1,1,1,1,1,1,1,1,1,1,1,1,1,1,1,1,1,1,1,1,1,1,1,1,0.000767041100233387,0.00231688508550889,1,1,1,1,1,1,1,4.13763285836666e-13,0.254660150427712,5.77473418026239e-16,1.85640610875143e-10,1.55487851260789e-14,1.26578546810179e-09,2.29313958230032e-30,1.33683810779659e-45,0,1.17021731041721e-39,3.37882613371659e-09,1.33990120759679e-65,1,1,1,1,1,1,1,0.00778831033751431,0.169473725081117,0.00560809002772388
"Q43.5",1,1,1,1,1,1,1,1,1,1,1,1,1,1,1,1,1,1,1,1,0.160305388215093,1,1,1,1,1,1,1,1,1,1,1,1,1,1,1,1,1,1,1,1,1,1,1,1,1,1,1,1,1,1,1,1,1,1,1,1,1,1,1,0.877422389969742,1,1,1,1,1,1,1,1,1,1,1,1,1,0.244617620773476,1,1,1,1,1,1,0.0944017926770575,1,0.00384249107565158,9.54853709857311e-06,1,1,1,1,1,1,0.000227962208451414,2.7754653627797e-07,0.153754178926318,1.71767108967274e-08,8.92958233601899e-16,5.9697902523546e-17,1.60150362417863e-06,5.43809969645413e-13,7.25857611190534e-15,1.17021731041721e-39,0,0.000256258229894477,3.39750977257775e-130,1,1,1,1,1,1,1,1,1,0.0742469694861268
"Q43.6",1,1,1,1,1,1,1,1,1,1,1,1,1,1,1,1,1,1,1,1,1,1,1,1,1,1,1,1,1,1,1,1,1,1,1,1,1,1,1,1,1,1,1,1,1,1,1,1,1,1,1,1,1,1,1,1,1,1,1,1,1,1,1,1,1,1,1,1,1,1,1,1,1,1,1,1,1,1,1,1,1,1,1,1,1,1,1,1,1,1,1,1,1,1,1,1,1,1.19639102593617e-08,3.37574223577141e-12,1.75333715755499e-12,3.37882613371659e-09,0.000256258229894477,0,4.69323624147981e-06,1,1,1,1,1,1,1,1,1,1
"Q43",1,1,1,1,1,1,1,1,1,1,1,1,1,1,1,1,1,1,1,1,0.49825721175891,1,1,1,1,1,1,1,1,1,1,1,1,1,1,1,1,1,1,1,1,1,1,1,1,1,1,1,1,1,1,1,1,1,1,1,1,0.782264402219099,0.571624308599073,1,1,1,1,1,1,1,1,1,1,1,1,1,1,1,1,1,1,1,1,1,1,0.0955847446167419,1,3.16065804291832e-05,3.11116252778737e-07,1,1,1,1,1,1,3.83409507868156e-05,1.15057956778037e-16,2.33570238981684e-08,5.36426548160034e-16,7.55942500995126e-21,5.28997674297521e-31,1.33792760578643e-30,4.58996421801802e-39,2.19014440405001e-38,1.33990120759679e-65,3.39750977257775e-130,4.69323624147981e-06,0,1,1,1,1,1,1,1,0.0569266828564025,0.148894320398811,0.00533277910684539
"Q44",1,1,1,1,1,1,1,1,1,1,1,1,1,1,1,1,1,1,1,1,1,1,1,1,1,1,1,1,1,1,1,1,1,1,1,1,1,1,1,1,1,1,1,1,1,1,1,1,1,1,1,1,1,1,1,1,1,1,1,1,1,1,1,1,1,1,1,1,1,1,1,1,1,1,1,1,1,1,1,1,1,1,1,1,1,1,1,1,1,1,1,1,1,1,1,1,1,1,1,1,1,1,1,1,0,1,1,1,1,1,1,1,1,1
"Q45",1,1,1,1,1,1,1,1,1,1,1,1,1,1,1,1,1,1,1,1,1,1,1,1,1,1,1,1,1,1,1,1,1,1,1,1,1,1,1,1,1,1,1,1,1,1,1,1,1,1,0.257499951528682,1,1,1,1,1,1,1,1,1,1,1,1,1,1,1,1,1,1,1,1,1,1,1,1,1,1,1,1,1,1,1,1,1,1,1,1,1,1,1,1,1,1,1,1,1,1,1,1,1,1,1,1,1,1,0,3.67952419373281e-20,1,1,1,1,1,1,0.103247217382794
"Q46",1,1,1,1,1,1,1,1,1,1,1,1,1,1,1,1,1,1,1,0.614204853177516,0.180484105573113,1,1,1,1,1,1,1,1,1,1,1,1,1,1,1,1,1,1,1,1,1,1,1,1,1,1,0.13817553874937,1,1,1,1,1,1,1,1,1,1,1,1,1,1,1,1,1,1,1,1,1,1,1,1,1,1,1,1,1,1,1,1,1,1,1,1,1,1,1,1,1,1,1,1,1,1,1,1,1,1,1,1,1,1,1,1,1,3.67952419373281e-20,0,1,1,1,1,1,1,1
"Q47",1,1,1,1,1,1,1,1,1,1,1,1,0.0194889350123906,1,1,1,1,1,1,0.0690444351250704,0.0639071459689675,1,1,1,1,1,1,1,1,1,1,1,1,1,1,1,1,1,1,1,1,1,1,1,1,1,1,1,1,1,1,1,1,1,1,1,1,1,1,1,1,1,1,1,1,1,1,1,1,1,0.120089320532137,1,1,1,1,1,1,1,1,1,1,1,1,1,1,1,1,1,1,1,1,1,1,1,1,1,1,1,1,1,1,1,1,1,1,1,1,0,1.610228509257e-26,1,1,1,1,1
"Q48",1,1,1,1,1,1,1,1,1,1,1,1,0.00494775640682196,1,1,1,1,1,1,1,1,1,1,1,1,1,1,1,1,0.559894158183222,1,1,1,1,1,1,1,1,1,1,1,1,1,1,1,1,1,1,1,1,1,1,1,1,1,1,1,1,1,1,1,1,1,1,1,1,1,1,1,1,1,1,1,1,1,1,1,1,1,1,1,1,1,1,1,1,1,1,1,1,1,1,1,1,1,1,1,1,1,1,1,1,1,1,1,1,1,1.610228509257e-26,0,1,1,1,1,1
"Q37",1,1,1,1,1,1,1,1,1,1,1,1,0.8334697869773,1,1,1,1,1,1,1,1,1,1,1,1,1,1,1,1,0.106645201667795,1,1,1,1,1,1,1,1,1,1,1,0.0220477999302885,0.000655905574182156,0.000888650202841355,1,1,1,1,0.569623185730344,1,1,1,1,1,1,1,1,1,1,1,1,1,1,1,1,1,1,1,1,1,1,1,1,1,1,1,1,1,1,1,1,1,1,0.645747732658645,1,1,1,1,1,1,1,1,1,1,1,1,1,1,1,1,1,1,1,1,1,1,1,1,1,0,1,2.34493395799779e-05,6.0836534554102e-05,4.95068198859352e-63
"Q39",1,1,1,1,1,1,1,1,1,1,1,1,1,1,1,1,1,1,1,1,1,1,1,1,1,1,1,1,1,1,1,1,1,1,1,1,1,1,1,1,1,1,1,1,1,1,1,1,1,1,1,1,1,1,1,1,1,1,1,1,1,1,1,1,1,1,1,1,1,1,1,1,1,1,1,1,1,1,1,1,1,1,1,1,1,1,1,1,1,1,1,1,1,1,1,1,1,1,1,1,1,1,1,1,1,1,1,1,1,1,0,0.00109418705214055,0.115421262833319,7.87749762948616e-46
"Q36",1,1,1,1,1,1,1,1,1,1,1,1,1,1,1,1,1,1,1,1,1,1,1,1,0.476048781071915,1,1,1,1,1,1,1,1,1,1,1,1,1,1,1,1,1,1,0.0894014945481335,1,1,1,1,1,1,1,1,1,1,1,1,1,1,1,1,1,1,1,1,1,1,1,1,1,1,1,1,1,1,1,1,1,1,1,1,1,1,1,0.571214392328731,0.229835714573892,1,1,1,1,1,1,1,0.0264235794236526,1,0.120538807269318,1,1,1,1,1,0.00778831033751431,1,1,0.0569266828564025,1,1,1,1,1,2.34493395799779e-05,0.00109418705214055,0,5.25431157315075e-05,2.71894553879448e-55
"Q40",1,1,1,1,1,1,1,1,1,1,1,1,1,1,1,1,1,1,1,1,1,1,1,1,1,1,1,1,1,1,1,1,1,1,1,1,1,1,1,1,1,1,1,1,1,1,1,1,1,1,1,1,1,1,1,1,1,1,1,1,1,1,1,1,1,1,1,1,1,1,1,1,1,1,1,0.273932015841943,1,1,1,1,1,1,1,1,1,1,1,1,1,1,1,1,0.425237151681495,1,1,1,1,1,1,1,0.169473725081117,1,1,0.148894320398811,1,1,1,1,1,6.0836534554102e-05,0.115421262833319,5.25431157315075e-05,0,3.42028654995204e-32
"knowledge.total",1,1,1,1,1,0.0978429686404787,1,1,1,1,1,1,0.123020425679317,1,1,1,1,1,1,1,1,1,1,1,0.227438365562298,0.529006030823394,0.249886873973023,1,1,0.100809844104802,1,0.711976680477566,0.680456010889064,0.847726762424332,1,1,1,1,1,1,1,0.0366705616329563,5.18018303357494e-06,3.04086548744007e-07,1,1,1,1,1,1,1,1,1,1,0.000168665902526581,1,1,1,0.582191208585518,1,1,1,1,1,1,1,1,1,1,1,1,1,1,1,1,1,1,1,1,1,1,1,1,0.023249756785953,0.109556268131536,1,1,1,1,1,1,1,0.20149641982327,1,1,1,1,1,1,1,0.00560809002772388,0.0742469694861268,1,0.00533277910684539,1,0.103247217382794,1,1,1,4.95068198859352e-63,7.87749762948616e-46,2.71894553879448e-55,3.42028654995204e-32,0
